{
    "forward_zeta": 102.18,
    "backward_zeta": 76.63636363636363,
    "equilibrium_crossover_x": 89.40818181818182
}